name,email,phone
Juston Langworth,Juston.Langworth@gmail.com,+15633386490
Jaylan Balistreri,Jaylan_Balistreri@gmail.com,+14609493279
Laurie Vandervort,Laurie.Vandervort@yahoo.com,+19959273528
Oscar Smith,Oscar_Smith36@gmail.com,+17309159643
Wava Bode,Wava_Bode@gmail.com,+13382245680
Keyon Kshlerin,Keyon.Kshlerin26@hotmail.com,+16063279630
Marianne Towne,Marianne.Towne30@gmail.com,+17336061731
Eliane Rice,Eliane.Rice78@yahoo.com,+16714003593
Emil Jast,Emil_Jast@yahoo.com,+13242443358
Evans Mosciski,Evans_Mosciski@gmail.com,+14985778948
